transaction_id,customer_id,amount_inr,payment_method,hour_of_day,velocity_1h,velocity_24h,new_device,geo_mismatch,billing_shipping_mismatch,failed_attempts_prior,account_age_days,prior_successful_txns,prior_chargebacks,known_device_count,is_fraud
TXN_000070,CUST_00139,3394.87,card,21,1,2,False,False,False,0,92,2,0,4,0
TXN_000827,CUST_00059,1215.84,upi,8,0,1,False,False,False,0,49,2,0,2,0
TXN_000231,CUST_00020,1186.0,wallet,15,0,0,False,False,False,0,474,13,0,2,0
TXN_000588,CUST_00036,5922.7,card,15,0,1,False,False,False,1,130,5,0,2,0
TXN_000039,CUST_00051,2026.43,card,13,0,0,False,False,False,0,8,0,0,2,0
TXN_000731,CUST_00099,2578.03,card,0,2,4,False,False,False,0,855,20,0,3,0
TXN_000299,CUST_00065,4508.6,netbanking,19,0,1,False,False,False,1,625,12,0,3,0
TXN_000110,CUST_00079,1566.39,card,22,0,2,False,False,False,0,286,5,0,3,0
TXN_000072,CUST_00095,1660.96,card,0,2,2,True,False,False,0,201,7,0,3,0
TXN_000086,CUST_00216,1186.74,upi,6,1,2,False,False,False,0,96,1,0,1,0
TXN_000139,CUST_00136,571.94,upi,20,0,0,False,False,False,0,2064,54,0,4,0
TXN_000533,CUST_00033,347.54,upi,6,2,3,False,False,False,0,90,1,0,3,0
TXN_000801,CUST_00033,975.4,card,22,0,0,False,False,False,0,90,1,0,3,0
TXN_000120,CUST_00138,2148.1,upi,22,3,8,True,False,False,2,531,15,0,1,0
TXN_000711,CUST_00146,453.85,card,17,1,2,False,False,False,0,286,6,1,2,0
TXN_000590,CUST_00018,3685.91,upi,17,1,2,True,False,False,0,342,6,0,2,0
TXN_000168,CUST_00080,733.15,upi,0,0,2,False,False,False,0,499,15,0,1,0
TXN_000422,CUST_00153,459.8,upi,4,0,1,True,False,False,0,1293,27,0,3,0
TXN_000447,CUST_00098,1476.41,netbanking,19,1,3,False,False,False,0,191,5,0,3,0
TXN_000067,CUST_00184,1200.87,card,6,0,2,False,False,False,0,251,5,0,1,0
TXN_000211,CUST_00182,1948.7,card,22,0,0,False,False,False,0,856,17,0,2,0
TXN_000741,CUST_00138,2563.42,upi,23,2,4,True,False,False,0,531,15,0,1,0
TXN_000688,CUST_00192,497.18,card,0,1,4,False,True,False,0,217,4,0,4,0
TXN_000333,CUST_00186,1668.28,card,16,0,1,False,False,False,0,533,5,0,1,0
TXN_000542,CUST_00215,8243.72,card,7,0,0,False,False,False,0,126,4,0,1,0
TXN_000344,CUST_00162,1327.83,upi,23,1,2,False,False,False,0,373,8,0,1,0
TXN_000030,CUST_00036,3537.91,card,4,1,3,False,True,False,0,130,5,0,2,0
TXN_000837,CUST_00113,8798.11,card,12,0,0,False,False,False,0,367,5,0,3,0
TXN_000658,CUST_00133,1546.59,card,5,1,4,False,False,False,0,637,15,0,2,0
TXN_000522,CUST_00141,619.17,upi,8,1,3,False,False,False,0,108,0,0,2,0
TXN_000260,CUST_00158,2430.81,card,6,3,6,False,True,False,3,926,16,0,4,1
TXN_000756,CUST_00172,6642.75,upi,5,1,2,True,False,False,0,211,8,0,3,0
TXN_000298,CUST_00055,914.34,wallet,3,0,2,False,False,False,0,214,4,0,4,0
TXN_000531,CUST_00123,1486.59,upi,10,1,1,False,False,True,0,151,1,0,3,1
TXN_000615,CUST_00218,2805.67,upi,12,2,3,False,False,False,0,246,5,0,1,0
TXN_000675,CUST_00208,3639.64,card,2,0,0,True,False,False,0,386,8,0,3,0
TXN_000023,CUST_00007,2150.0,card,19,0,2,False,False,False,0,1187,24,0,1,0
TXN_000589,CUST_00093,5039.55,card,19,1,1,True,False,False,0,125,6,0,1,0
TXN_000431,CUST_00118,1375.49,card,3,1,3,False,False,False,0,445,14,0,4,0
TXN_000209,CUST_00199,2151.12,card,7,0,0,False,False,False,0,785,20,0,1,0
TXN_000063,CUST_00118,3301.05,netbanking,20,0,0,False,False,False,0,445,14,0,4,0
TXN_000239,CUST_00016,1676.27,card,13,0,0,False,False,False,0,34,2,0,1,0
TXN_000370,CUST_00132,406.94,upi,0,1,2,False,False,False,0,134,1,0,1,1
TXN_000744,CUST_00073,2670.64,netbanking,18,0,1,False,False,False,0,126,6,0,4,0
TXN_000652,CUST_00218,2400.69,card,14,0,2,False,False,False,0,246,5,0,1,0
TXN_000625,CUST_00138,1215.04,card,12,0,2,False,False,False,0,531,15,0,1,0
TXN_000215,CUST_00130,1750.73,upi,9,0,1,False,False,False,0,306,6,0,4,0
TXN_000519,CUST_00016,1703.25,netbanking,12,0,1,False,False,False,0,34,2,0,1,0
TXN_000494,CUST_00025,1402.51,card,2,0,0,False,True,False,0,158,3,0,1,0
TXN_000832,CUST_00123,1146.27,upi,13,0,2,False,False,False,0,151,1,0,3,0
TXN_000453,CUST_00203,1439.03,upi,23,0,1,False,False,False,0,166,3,0,1,0
TXN_000352,CUST_00224,13156.31,card,0,0,1,False,False,False,0,13,0,0,4,0
TXN_000549,CUST_00107,9469.3,upi,11,0,0,False,False,False,0,144,5,0,1,0
TXN_000280,CUST_00145,3123.82,card,5,0,1,False,False,False,0,200,2,0,1,0
TXN_000247,CUST_00174,1456.05,card,5,1,2,True,False,False,0,115,2,0,4,0
TXN_000213,CUST_00078,925.09,card,14,0,1,False,False,False,1,809,8,0,1,0
TXN_000137,CUST_00075,1218.72,card,13,1,3,False,False,False,0,351,3,0,3,0
TXN_000396,CUST_00043,9510.11,upi,0,0,0,False,False,False,1,27,2,0,2,0
TXN_000302,CUST_00064,1887.38,upi,22,0,2,False,False,False,0,800,14,0,1,0
TXN_000543,CUST_00214,4025.98,card,0,2,4,False,False,False,1,136,6,0,2,0
TXN_000044,CUST_00121,2755.62,card,5,0,2,True,False,False,0,172,2,0,3,0
TXN_000390,CUST_00023,3084.09,upi,13,0,1,False,False,False,0,466,14,0,4,0
TXN_000739,CUST_00007,1840.76,card,9,3,4,False,False,False,0,1187,24,0,1,1
TXN_000448,CUST_00054,4420.88,card,15,3,7,True,False,True,1,1518,30,0,4,1
TXN_000208,CUST_00003,1738.87,card,1,0,1,False,False,False,0,106,3,0,3,0
TXN_000198,CUST_00208,2338.15,card,16,1,2,True,False,False,1,386,8,0,3,0
TXN_000668,CUST_00044,1339.2,card,16,0,1,True,False,True,0,430,5,0,2,1
TXN_000516,CUST_00151,328.93,netbanking,6,1,3,False,True,False,0,953,20,0,4,0
TXN_000328,CUST_00187,2877.88,upi,2,0,2,False,False,True,0,321,7,0,3,0
TXN_000449,CUST_00221,6165.71,card,9,1,3,False,False,False,1,438,7,2,1,0
TXN_000626,CUST_00108,1612.86,card,3,0,1,False,False,False,1,83,0,0,1,0
TXN_000583,CUST_00009,1751.32,upi,10,0,1,True,False,False,0,397,7,0,2,0
TXN_000826,CUST_00221,2114.13,card,12,0,2,False,False,False,0,438,7,2,1,0
TXN_000314,CUST_00125,458.14,netbanking,22,0,1,False,False,False,0,347,3,0,1,0
TXN_000136,CUST_00046,866.5,card,16,2,4,False,False,False,0,426,4,0,3,0
TXN_000843,CUST_00113,2490.85,card,7,0,2,False,False,False,0,367,5,0,3,0
TXN_000361,CUST_00207,3168.56,card,6,1,3,False,False,False,0,260,7,0,4,0
TXN_000493,CUST_00071,947.11,card,1,1,1,False,False,False,0,573,8,0,2,0
TXN_000060,CUST_00012,644.96,card,21,0,1,False,False,False,0,657,7,0,1,1
TXN_000664,CUST_00213,666.18,wallet,16,0,1,False,False,False,0,657,14,1,2,0
TXN_000525,CUST_00002,7785.02,wallet,23,1,5,False,False,True,0,906,21,0,4,1
TXN_000174,CUST_00050,1562.4,upi,14,0,3,False,False,False,0,134,2,0,4,0
TXN_000536,CUST_00181,1731.37,upi,19,0,1,True,False,False,1,414,11,0,1,0
TXN_000066,CUST_00010,8372.59,netbanking,14,0,1,False,True,False,1,26,1,0,4,0
TXN_000820,CUST_00004,4418.32,card,23,0,2,False,False,False,1,32,0,0,3,0
TXN_000777,CUST_00212,802.6,netbanking,8,0,1,False,False,False,0,290,10,0,1,0
TXN_000381,CUST_00173,4956.27,upi,1,2,6,False,False,True,4,508,18,0,3,1
TXN_000485,CUST_00051,3263.11,upi,14,0,1,False,False,True,0,8,0,0,2,0
TXN_000218,CUST_00059,2098.15,upi,13,0,1,False,False,False,1,49,2,0,2,0
TXN_000575,CUST_00023,1304.27,card,12,0,1,False,False,False,0,466,14,0,4,0
TXN_000346,CUST_00209,2615.73,card,23,1,2,True,False,False,0,1090,31,0,1,0
TXN_000545,CUST_00111,595.26,card,9,0,1,False,False,False,0,71,0,0,3,0
TXN_000800,CUST_00120,571.29,card,10,0,1,False,False,False,0,451,4,0,3,0
TXN_000809,CUST_00101,6738.68,card,5,0,0,False,False,False,0,1171,29,0,2,0
TXN_000778,CUST_00073,1414.19,card,10,0,0,False,False,False,0,126,6,0,4,0
TXN_000398,CUST_00088,4121.34,card,8,0,0,False,False,False,0,146,4,0,4,0
TXN_000076,CUST_00069,864.13,card,1,0,2,False,False,False,1,363,5,1,2,0
TXN_000196,CUST_00083,3320.16,upi,13,0,0,False,False,False,0,54,1,0,1,0
TXN_000631,CUST_00034,4765.04,upi,7,0,1,False,False,False,0,175,8,0,2,0
TXN_000751,CUST_00055,2250.67,upi,14,0,1,False,False,False,1,214,4,0,4,0
TXN_000570,CUST_00117,1376.82,card,9,1,2,False,False,False,0,585,16,0,1,0
TXN_000405,CUST_00051,2353.07,upi,15,0,0,False,False,False,0,8,0,0,2,0
TXN_000512,CUST_00116,1355.82,upi,19,1,2,False,False,False,0,820,15,0,2,0
TXN_000338,CUST_00216,2989.68,card,10,0,2,False,False,False,1,96,1,0,1,0
TXN_000895,CUST_00077,1544.99,card,12,0,2,True,False,False,0,312,5,0,4,0
TXN_000227,CUST_00038,1208.72,upi,5,5,8,True,True,False,3,333,13,0,1,1
TXN_000669,CUST_00191,607.62,card,10,0,1,False,False,False,1,398,13,0,3,0
TXN_000204,CUST_00013,2274.08,netbanking,16,0,3,False,False,False,1,147,1,0,2,0
TXN_000745,CUST_00146,974.17,upi,7,1,3,False,False,False,0,286,6,1,2,0
TXN_000192,CUST_00099,10945.93,upi,18,4,7,False,True,False,3,855,20,0,3,1
TXN_000874,CUST_00083,3166.17,card,18,0,4,False,False,True,0,54,1,0,1,0
TXN_000794,CUST_00165,2726.68,card,16,0,0,False,False,False,0,284,6,0,2,0
TXN_000774,CUST_00021,2325.55,card,11,0,2,False,False,False,0,84,1,0,3,1
TXN_000481,CUST_00191,6921.24,upi,2,3,9,False,False,True,2,398,13,0,3,1
TXN_000834,CUST_00001,4058.42,card,4,0,4,False,False,False,1,887,13,0,1,0
TXN_000465,CUST_00113,1621.1,card,0,0,0,False,False,False,0,367,5,0,3,0
TXN_000807,CUST_00003,1369.93,card,19,0,3,False,False,False,0,106,3,0,3,0
TXN_000885,CUST_00081,4003.26,card,9,0,2,False,False,False,0,109,3,0,1,0
TXN_000096,CUST_00179,640.72,card,10,0,0,True,False,False,0,451,10,0,2,0
TXN_000891,CUST_00048,1918.55,netbanking,10,1,2,False,False,False,0,121,5,0,4,0
TXN_000326,CUST_00074,5828.74,card,15,0,0,False,False,False,0,18,0,0,3,0
TXN_000294,CUST_00025,1861.99,upi,21,0,4,False,False,False,0,158,3,0,1,0
TXN_000210,CUST_00188,1770.59,card,12,1,1,False,False,False,0,927,23,0,2,0
TXN_000440,CUST_00085,840.36,upi,20,0,2,False,False,False,0,20,1,0,4,0
TXN_000783,CUST_00171,1286.07,card,20,0,0,False,False,False,0,810,15,0,4,0
TXN_000078,CUST_00151,603.46,card,11,0,1,True,False,False,1,953,20,0,4,0
TXN_000265,CUST_00038,3103.47,card,1,2,7,False,False,False,0,333,13,0,1,0
TXN_000829,CUST_00113,545.55,upi,18,0,2,False,False,False,1,367,5,0,3,0
TXN_000428,CUST_00001,1486.88,card,9,0,0,False,False,False,0,887,13,0,1,0
TXN_000141,CUST_00148,2410.71,card,14,1,2,False,False,False,0,232,6,0,2,0
TXN_000582,CUST_00040,1094.85,card,14,1,1,True,False,False,0,506,12,0,4,0
TXN_000743,CUST_00084,4608.2,card,13,0,2,True,False,False,0,44,1,0,4,0
TXN_000363,CUST_00111,5552.61,card,5,0,1,False,False,False,0,71,0,0,3,0
TXN_000065,CUST_00167,668.81,upi,17,0,0,False,False,False,0,136,4,0,4,0
TXN_000789,CUST_00142,6315.89,upi,23,4,10,False,True,False,0,613,9,0,4,1
TXN_000291,CUST_00155,897.86,card,6,0,1,False,False,False,0,1058,18,0,3,0
TXN_000603,CUST_00208,9194.48,card,19,0,1,False,True,False,0,386,8,0,3,0
TXN_000857,CUST_00219,1709.57,card,7,0,0,False,False,False,0,329,8,0,2,0
TXN_000486,CUST_00023,1295.09,netbanking,3,0,0,False,False,False,0,466,14,0,4,0
TXN_000235,CUST_00016,1033.51,card,7,0,1,False,False,False,0,34,2,0,1,0
TXN_000250,CUST_00092,3977.84,card,13,0,2,False,False,False,0,490,12,0,2,0
TXN_000049,CUST_00170,5438.7,card,1,3,7,True,False,False,3,115,3,0,1,1
TXN_000657,CUST_00104,2813.29,upi,23,0,0,False,False,False,0,703,16,0,3,0
TXN_000309,CUST_00030,1777.76,netbanking,7,1,2,False,False,False,0,147,2,0,1,0
TXN_000709,CUST_00214,4657.66,upi,7,0,1,False,False,True,0,136,6,0,2,0
TXN_000275,CUST_00189,288.62,netbanking,12,1,2,False,False,False,0,396,11,0,2,0
TXN_000894,CUST_00096,4932.42,upi,0,0,0,False,False,False,0,115,0,0,2,0
TXN_000165,CUST_00212,4488.74,card,12,0,1,False,False,False,0,290,10,0,1,0
TXN_000513,CUST_00136,1276.32,card,0,0,1,False,False,True,0,2064,54,0,4,0
TXN_000033,CUST_00206,506.43,upi,10,0,0,False,True,False,0,40,0,0,1,1
TXN_000031,CUST_00047,775.1,upi,20,0,3,True,False,False,0,106,1,0,1,0
TXN_000673,CUST_00139,1140.44,card,11,1,2,False,False,False,0,92,2,0,4,0
TXN_000404,CUST_00034,4404.99,card,13,1,4,True,True,False,1,175,8,0,2,1
TXN_000518,CUST_00086,3026.86,card,16,1,3,True,False,False,0,652,21,0,4,1
TXN_000430,CUST_00024,4891.58,card,9,2,4,False,False,False,0,249,5,0,4,0
TXN_000109,CUST_00079,2191.07,upi,16,0,0,True,False,False,0,286,5,0,3,0
TXN_000077,CUST_00113,869.15,card,3,0,1,False,False,False,0,367,5,0,3,0
TXN_000412,CUST_00110,1094.85,card,2,0,1,False,True,False,0,53,2,0,1,1
TXN_000312,CUST_00138,1473.65,card,2,0,4,False,False,False,2,531,15,0,1,0
TXN_000082,CUST_00192,694.83,upi,12,1,1,False,False,True,0,217,4,0,4,0
TXN_000321,CUST_00092,1279.62,wallet,0,2,3,True,True,True,1,490,12,0,2,1
TXN_000649,CUST_00164,2374.54,card,20,1,2,False,False,False,0,168,2,0,3,0
TXN_000693,CUST_00106,4588.93,card,10,0,0,False,False,False,0,405,9,0,2,0
TXN_000360,CUST_00115,3856.63,wallet,13,0,1,False,False,False,0,260,8,0,4,0
TXN_000487,CUST_00170,936.22,card,15,0,0,False,False,False,0,115,3,0,1,0
TXN_000464,CUST_00039,2866.57,card,5,3,5,False,False,False,1,112,2,0,3,0
TXN_000005,CUST_00059,859.49,netbanking,1,3,7,True,True,False,3,49,2,0,2,1
TXN_000054,CUST_00035,2089.99,upi,10,0,3,False,False,False,1,243,3,0,4,0
TXN_000734,CUST_00121,2196.2,wallet,19,0,3,True,False,False,0,172,2,0,3,0
TXN_000462,CUST_00018,5569.54,upi,9,1,5,False,False,False,0,342,6,0,2,0
TXN_000323,CUST_00019,1154.94,netbanking,12,0,1,False,False,True,0,156,3,0,2,1
TXN_000367,CUST_00216,390.46,wallet,9,0,2,False,False,False,0,96,1,0,1,0
TXN_000097,CUST_00042,634.36,netbanking,17,0,2,False,False,False,0,411,10,0,4,0
TXN_000444,CUST_00050,1466.28,upi,9,0,1,False,False,False,0,134,2,0,4,0
TXN_000576,CUST_00194,2430.42,card,16,0,4,False,False,False,0,104,3,0,3,0
TXN_000897,CUST_00008,2591.21,wallet,8,0,1,False,False,False,0,30,2,0,2,0
TXN_000578,CUST_00139,513.83,upi,4,0,3,False,False,False,0,92,2,0,4,0
TXN_000779,CUST_00005,2160.46,netbanking,14,1,4,False,False,False,0,552,9,0,1,0
TXN_000025,CUST_00036,796.85,card,4,0,1,False,False,False,0,130,5,0,2,0
TXN_000084,CUST_00187,1643.71,upi,10,0,0,True,False,False,0,321,7,0,3,0
TXN_000010,CUST_00062,1862.47,card,21,0,1,False,False,False,1,572,14,0,1,1
TXN_000334,CUST_00104,2548.65,upi,22,0,0,False,False,False,1,703,16,0,3,0
TXN_000244,CUST_00165,1033.08,upi,11,0,1,False,False,False,0,284,6,0,2,1
TXN_000678,CUST_00021,3243.54,netbanking,8,1,2,False,False,False,0,84,1,0,3,0
TXN_000306,CUST_00034,2348.02,card,19,1,2,False,False,False,0,175,8,0,2,0
TXN_000591,CUST_00039,640.74,card,14,0,0,False,False,False,0,112,2,0,3,1
TXN_000118,CUST_00134,1935.12,card,22,0,1,False,False,False,0,623,15,0,3,0
TXN_000290,CUST_00101,3590.73,card,23,1,2,False,False,False,0,1171,29,0,2,0
TXN_000316,CUST_00137,9853.11,card,14,0,1,False,False,False,0,255,8,0,2,0
TXN_000029,CUST_00176,756.17,card,10,1,2,False,False,False,0,434,10,1,1,0
TXN_000055,CUST_00211,911.54,card,22,0,2,False,False,False,0,659,14,0,4,0
TXN_000417,CUST_00050,1209.72,netbanking,0,0,2,False,False,False,0,134,2,0,4,0
TXN_000599,CUST_00209,1915.0,card,3,1,3,False,False,True,0,1090,31,0,1,1
TXN_000850,CUST_00093,782.38,upi,15,4,8,True,True,True,1,125,6,0,1,1
TXN_000368,CUST_00115,2577.65,card,16,0,2,False,False,False,0,260,8,0,4,0
TXN_000081,CUST_00131,3777.18,card,3,1,7,True,True,False,2,565,12,0,4,1
TXN_000629,CUST_00128,2711.76,card,21,1,3,False,False,False,0,17,0,0,2,0
TXN_000375,CUST_00021,2012.39,upi,4,0,0,True,False,False,0,84,1,0,3,0
TXN_000862,CUST_00044,1102.69,upi,5,1,2,False,False,False,0,430,5,0,2,0
TXN_000426,CUST_00168,4885.66,upi,19,0,2,False,False,False,0,290,9,0,1,0
TXN_000787,CUST_00177,17765.81,upi,21,0,2,False,False,False,0,538,15,0,1,0
TXN_000569,CUST_00174,1922.18,upi,1,0,0,False,False,False,0,115,2,0,4,0
TXN_000697,CUST_00064,1137.6,upi,12,0,1,False,False,False,1,800,14,0,1,0
TXN_000286,CUST_00046,4357.82,card,0,0,0,True,False,False,0,426,4,0,3,0
TXN_000714,CUST_00079,2032.37,upi,6,0,1,True,False,False,0,286,5,0,3,0
TXN_000539,CUST_00163,576.07,wallet,7,0,1,False,False,False,0,109,2,0,3,0
TXN_000357,CUST_00116,1116.49,card,7,0,0,False,False,False,0,820,15,0,2,0
TXN_000768,CUST_00170,9066.73,card,5,2,4,True,False,False,1,115,3,0,1,0
TXN_000845,CUST_00193,2712.55,netbanking,7,1,2,False,True,True,0,43,0,0,3,0
TXN_000718,CUST_00063,1037.68,card,18,0,0,False,False,False,0,2017,43,0,3,0
TXN_000394,CUST_00090,2793.47,card,23,0,1,False,False,True,0,71,0,0,4,0
TXN_000500,CUST_00154,28108.22,netbanking,20,2,6,False,True,False,3,63,2,0,4,1
TXN_000365,CUST_00105,2506.47,upi,19,0,1,False,False,False,0,276,4,0,3,0
TXN_000730,CUST_00047,1110.7,upi,16,0,2,False,False,False,0,106,1,0,1,0
TXN_000482,CUST_00221,2432.7,card,10,0,2,False,False,False,0,438,7,2,1,0
TXN_000409,CUST_00112,4092.92,card,0,3,12,True,False,False,2,117,1,0,1,0
TXN_000473,CUST_00075,2014.64,upi,19,0,1,False,False,False,0,351,3,0,3,0
TXN_000292,CUST_00146,2658.11,upi,21,0,1,False,True,False,0,286,6,1,2,0
TXN_000007,CUST_00061,1548.53,card,4,0,1,False,False,False,0,522,9,2,4,0
TXN_000451,CUST_00221,3783.06,card,1,0,0,False,False,False,0,438,7,2,1,0
TXN_000155,CUST_00012,813.07,netbanking,23,1,5,True,False,False,0,657,7,0,1,0
TXN_000351,CUST_00135,643.16,upi,6,1,1,False,False,False,0,35,1,0,4,0
TXN_000429,CUST_00222,2523.62,card,13,1,2,True,False,False,0,397,9,0,2,0
TXN_000101,CUST_00216,2646.64,upi,4,0,0,False,False,False,0,96,1,0,1,0
TXN_000199,CUST_00119,750.36,card,12,0,1,False,False,False,0,64,1,0,1,0
TXN_000613,CUST_00203,2166.88,card,3,0,0,False,True,False,0,166,3,0,1,0
TXN_000528,CUST_00133,9544.82,card,22,0,1,False,False,False,0,637,15,0,2,0
TXN_000815,CUST_00107,1906.4,netbanking,16,1,2,False,False,False,0,144,5,0,1,0
TXN_000380,CUST_00082,2541.45,upi,21,0,2,False,False,False,0,51,1,0,4,1
TXN_000300,CUST_00076,1082.24,card,1,0,1,False,False,False,1,970,16,0,4,0
TXN_000416,CUST_00181,2982.9,wallet,3,0,2,True,False,False,0,414,11,0,1,0
TXN_000878,CUST_00090,3106.91,card,14,0,0,False,False,False,0,71,0,0,4,1
TXN_000319,CUST_00100,1455.73,upi,11,1,4,False,False,False,0,383,5,0,4,0
TXN_000002,CUST_00121,1075.11,card,3,0,1,True,False,False,0,172,2,0,3,0
TXN_000254,CUST_00098,1966.86,upi,7,0,1,False,False,False,0,191,5,0,3,0
TXN_000507,CUST_00004,2045.16,card,10,0,1,False,False,False,0,32,0,0,3,1
TXN_000499,CUST_00061,8686.42,card,5,0,1,False,False,False,0,522,9,2,4,0
TXN_000266,CUST_00094,3843.62,upi,9,1,2,False,False,True,0,76,2,0,2,0
TXN_000158,CUST_00184,966.37,card,16,0,2,False,False,False,0,251,5,0,1,1
TXN_000521,CUST_00180,2145.54,wallet,21,0,1,False,False,False,0,387,5,0,3,1
TXN_000836,CUST_00164,3775.15,card,7,0,1,False,False,False,0,168,2,0,3,0
TXN_000567,CUST_00137,887.8,card,17,0,0,False,False,False,0,255,8,0,2,0
TXN_000332,CUST_00190,681.04,card,0,0,1,False,False,False,0,53,1,0,2,0
TXN_000432,CUST_00076,4000.68,card,13,0,2,True,False,False,0,970,16,0,4,0
TXN_000305,CUST_00137,6040.84,netbanking,16,1,2,False,False,False,0,255,8,0,2,0
TXN_000436,CUST_00090,4396.31,upi,1,4,8,True,False,False,1,71,0,0,4,1
TXN_000526,CUST_00123,1495.04,card,18,0,2,False,False,False,0,151,1,0,3,0
TXN_000408,CUST_00212,1001.4,card,3,3,9,True,False,False,0,290,10,0,1,1
TXN_000893,CUST_00202,2434.95,card,10,0,0,True,False,False,0,3,0,0,2,0
TXN_000359,CUST_00108,4458.49,card,13,0,1,False,False,False,1,83,0,0,1,0
TXN_000585,CUST_00050,5371.16,card,20,0,0,True,False,False,0,134,2,0,4,0
TXN_000655,CUST_00049,7746.63,netbanking,23,1,2,False,False,False,1,62,0,0,3,0
TXN_000659,CUST_00212,8165.21,card,17,0,3,False,False,True,0,290,10,0,1,0
TXN_000212,CUST_00013,7948.29,upi,3,3,11,True,False,False,0,147,1,0,2,1
TXN_000828,CUST_00177,938.28,card,15,1,3,False,False,False,0,538,15,0,1,1
TXN_000079,CUST_00113,5896.27,upi,6,1,2,False,False,False,0,367,5,0,3,0
TXN_000148,CUST_00206,3715.18,upi,15,0,2,True,False,False,0,40,0,0,1,1
TXN_000259,CUST_00100,12347.77,card,14,1,4,False,False,False,0,383,5,0,4,0
TXN_000594,CUST_00127,3576.1,card,15,0,1,False,False,False,0,111,2,0,4,0
TXN_000842,CUST_00198,10945.66,netbanking,4,3,6,False,True,True,3,168,5,0,4,1
TXN_000382,CUST_00121,1796.4,card,13,0,1,True,False,False,0,172,2,0,3,0
TXN_000483,CUST_00100,1952.87,wallet,21,0,0,False,False,False,0,383,5,0,4,0
TXN_000133,CUST_00067,1649.82,wallet,6,2,4,False,False,False,0,225,10,0,2,0
TXN_000468,CUST_00092,1718.91,card,15,1,2,False,False,False,0,490,12,0,2,0
TXN_000548,CUST_00207,692.63,card,13,1,2,False,False,False,0,260,7,0,4,1
TXN_000506,CUST_00181,1370.96,upi,5,1,4,False,False,False,0,414,11,0,1,0
TXN_000653,CUST_00039,2094.93,upi,20,0,1,False,False,False,1,112,2,0,3,1
TXN_000638,CUST_00041,1039.39,upi,3,0,1,False,False,False,0,528,15,0,1,0
TXN_000752,CUST_00075,5599.61,upi,19,2,2,False,False,False,0,351,3,0,3,0
TXN_000281,CUST_00192,1194.85,upi,12,2,3,True,False,False,0,217,4,0,4,0
TXN_000687,CUST_00151,1585.85,upi,18,0,1,False,False,False,0,953,20,0,4,1
TXN_000705,CUST_00189,961.37,card,11,0,1,False,False,False,0,396,11,0,2,1
TXN_000296,CUST_00221,1566.43,upi,6,0,0,False,True,False,0,438,7,2,1,1
TXN_000172,CUST_00118,11980.86,wallet,14,0,2,False,False,False,0,445,14,0,4,0
TXN_000863,CUST_00006,1182.21,card,1,3,6,False,True,True,2,535,13,0,4,1
TXN_000467,CUST_00143,7646.9,upi,17,0,1,False,False,False,0,175,5,0,3,0
TXN_000812,CUST_00115,1968.08,card,18,0,0,False,False,True,0,260,8,0,4,0
TXN_000808,CUST_00017,3563.55,card,2,3,8,True,True,False,0,119,1,0,1,1
TXN_000090,CUST_00174,1551.69,netbanking,18,1,3,False,False,False,1,115,2,0,4,0
TXN_000841,CUST_00058,3123.08,wallet,4,0,0,False,False,False,0,137,2,0,4,0
TXN_000181,CUST_00119,3461.87,upi,23,2,4,False,True,False,0,64,1,0,1,0
TXN_000861,CUST_00067,2470.69,card,4,1,2,False,False,False,0,225,10,0,2,0
TXN_000802,CUST_00178,778.81,upi,12,1,1,False,False,False,0,361,9,0,2,0
TXN_000069,CUST_00168,3340.43,card,21,1,1,True,False,False,0,290,9,0,1,0
TXN_000131,CUST_00198,3021.75,upi,4,1,3,False,False,False,0,168,5,0,4,0
TXN_000598,CUST_00136,604.69,upi,7,0,0,False,False,False,1,2064,54,0,4,0
TXN_000477,CUST_00028,2614.95,upi,10,1,2,False,False,False,0,68,3,0,2,0
TXN_000135,CUST_00173,7959.66,card,14,4,6,True,False,False,1,508,18,0,3,1
TXN_000164,CUST_00093,1160.92,netbanking,15,0,0,True,False,False,0,125,6,0,1,0
TXN_000028,CUST_00097,2740.37,upi,6,0,0,False,False,False,0,28,1,0,4,0
TXN_000497,CUST_00147,3148.65,upi,10,0,0,False,False,False,0,179,4,0,4,0
TXN_000193,CUST_00159,982.49,card,4,0,2,False,False,False,0,48,0,0,4,0
TXN_000311,CUST_00156,7986.4,card,17,3,8,True,True,False,2,138,6,0,2,1
TXN_000723,CUST_00154,8306.81,netbanking,13,0,1,False,False,True,0,63,2,0,4,1
TXN_000640,CUST_00117,1096.44,wallet,2,0,4,False,False,False,0,585,16,0,1,0
TXN_000537,CUST_00148,1790.44,upi,11,0,0,True,False,False,0,232,6,0,2,0
TXN_000140,CUST_00066,2381.59,card,14,1,1,False,False,False,0,396,13,0,2,0
TXN_000173,CUST_00194,6271.87,card,7,0,1,False,True,False,0,104,3,0,3,0
TXN_000006,CUST_00135,1789.27,card,18,0,0,False,False,False,0,35,1,0,4,0
TXN_000581,CUST_00055,3630.53,wallet,4,0,2,False,False,False,0,214,4,0,4,0
TXN_000377,CUST_00000,4903.49,upi,4,0,1,False,False,False,0,913,21,0,2,0
TXN_000073,CUST_00026,547.53,card,17,0,0,False,False,False,0,172,6,0,2,0
TXN_000618,CUST_00177,2008.99,upi,7,0,0,False,False,False,0,538,15,0,1,0
TXN_000331,CUST_00053,3061.32,card,7,0,2,False,False,False,0,499,14,0,2,0
TXN_000886,CUST_00022,1500.56,card,0,0,1,False,False,False,0,698,16,0,1,0
TXN_000145,CUST_00005,2566.17,wallet,1,0,2,False,False,False,0,552,9,0,1,0
TXN_000234,CUST_00085,2785.61,upi,19,1,1,False,False,False,0,20,1,0,4,0
TXN_000220,CUST_00038,1845.73,card,20,0,3,False,False,False,0,333,13,0,1,0
TXN_000584,CUST_00194,998.76,upi,9,1,4,False,False,False,0,104,3,0,3,0
TXN_000803,CUST_00075,6490.5,card,1,0,4,True,True,True,1,351,3,0,3,1
TXN_000132,CUST_00175,1388.4,card,3,0,4,False,False,False,1,70,1,0,4,0
TXN_000742,CUST_00068,2835.97,card,18,0,0,False,True,False,1,16,0,0,2,0
TXN_000327,CUST_00099,4637.54,upi,7,0,2,False,False,False,0,855,20,0,3,1
TXN_000185,CUST_00055,6680.68,card,16,0,1,True,False,False,0,214,4,0,4,0
TXN_000041,CUST_00011,1350.04,card,7,0,2,False,False,False,0,413,6,0,2,0
TXN_000551,CUST_00080,2921.5,card,17,0,1,False,False,False,0,499,15,0,1,1
TXN_000108,CUST_00088,6531.31,wallet,11,1,2,False,False,False,1,146,4,0,4,0
TXN_000425,CUST_00131,497.73,upi,15,3,4,True,False,False,0,565,12,0,4,0
TXN_000056,CUST_00023,1435.28,card,22,0,5,False,False,False,0,466,14,0,4,1
TXN_000602,CUST_00068,2703.68,card,15,0,2,False,False,False,0,16,0,0,2,0
TXN_000350,CUST_00144,2128.92,card,17,0,1,False,False,False,0,296,5,0,2,0
TXN_000501,CUST_00014,4125.79,upi,12,1,5,True,False,False,3,468,12,0,2,1
TXN_000024,CUST_00019,446.87,card,19,0,1,True,False,False,0,156,3,0,2,0
TXN_000665,CUST_00193,1362.64,card,23,0,2,False,True,False,1,43,0,0,3,0
TXN_000433,CUST_00143,1168.04,card,7,1,2,False,False,False,0,175,5,0,3,0
TXN_000439,CUST_00045,722.7,card,14,0,0,False,True,False,1,514,13,0,3,0
TXN_000051,CUST_00028,2588.87,card,16,0,4,False,False,False,0,68,3,0,2,0
TXN_000411,CUST_00170,863.61,upi,3,0,0,False,False,False,0,115,3,0,1,0
TXN_000823,CUST_00011,2244.85,upi,22,0,2,False,False,False,0,413,6,0,2,1
TXN_000720,CUST_00060,1162.08,upi,23,0,2,False,False,False,0,411,7,0,2,0
TXN_000264,CUST_00015,487.02,upi,5,0,3,False,False,False,0,58,1,0,1,0
TXN_000692,CUST_00093,2121.63,card,9,0,1,False,False,False,0,125,6,0,1,1
TXN_000617,CUST_00123,6125.97,wallet,4,0,1,False,False,False,0,151,1,0,3,1
TXN_000703,CUST_00117,1985.88,upi,9,1,2,False,False,False,0,585,16,0,1,0
TXN_000355,CUST_00016,2750.73,card,13,2,2,False,False,False,0,34,2,0,1,1
TXN_000018,CUST_00090,1044.5,wallet,8,0,1,False,True,False,0,71,0,0,4,0
TXN_000844,CUST_00163,5748.69,card,21,0,2,False,False,False,0,109,2,0,3,0
TXN_000342,CUST_00018,3964.31,card,2,4,8,True,False,True,0,342,6,0,2,1
TXN_000083,CUST_00088,17782.54,card,18,4,10,True,False,False,1,146,4,0,4,1
TXN_000061,CUST_00197,307.42,card,20,1,2,False,False,False,1,98,3,0,1,0
TXN_000272,CUST_00169,8780.86,card,16,0,1,True,False,False,0,134,2,0,1,0
TXN_000285,CUST_00172,4922.41,upi,4,0,2,False,False,False,0,211,8,0,3,0
TXN_000362,CUST_00075,895.47,card,18,0,0,False,False,False,0,351,3,0,3,0
TXN_000889,CUST_00128,222.18,upi,14,0,1,False,False,False,0,17,0,0,2,0
TXN_000012,CUST_00005,8781.22,card,2,0,0,False,False,False,0,552,9,0,1,0
TXN_000182,CUST_00092,7928.85,card,0,0,0,False,False,False,1,490,12,0,2,0
TXN_000388,CUST_00219,1466.81,netbanking,17,0,0,False,False,False,0,329,8,0,2,0
TXN_000721,CUST_00034,15345.17,card,3,3,6,True,False,False,3,175,8,0,2,1
TXN_000223,CUST_00207,3157.94,card,16,0,3,False,False,True,0,260,7,0,4,0
TXN_000558,CUST_00108,7169.72,card,2,1,1,False,False,False,0,83,0,0,1,0
TXN_000633,CUST_00166,4398.15,card,2,1,2,False,False,False,0,721,13,0,4,1
TXN_000644,CUST_00122,3011.15,upi,17,1,2,False,True,False,0,47,0,0,1,0
TXN_000530,CUST_00075,2620.7,upi,13,1,4,False,False,False,0,351,3,0,3,0
TXN_000527,CUST_00040,1396.48,card,6,0,0,False,False,False,0,506,12,0,4,0
TXN_000636,CUST_00158,1553.17,card,15,0,1,False,False,False,0,926,16,0,4,0
TXN_000176,CUST_00165,2909.56,card,18,1,3,False,False,False,0,284,6,0,2,0
TXN_000604,CUST_00116,3937.49,card,23,1,4,False,False,True,0,820,15,0,2,0
TXN_000446,CUST_00211,1649.79,card,16,0,2,False,True,False,1,659,14,0,4,0
TXN_000420,CUST_00078,1412.7,card,13,0,2,False,False,True,0,809,8,0,1,0
TXN_000163,CUST_00089,44749.26,netbanking,15,2,7,False,False,True,1,355,5,0,1,1
TXN_000248,CUST_00008,1328.78,card,20,1,4,False,False,False,1,30,2,0,2,0
TXN_000740,CUST_00154,7433.33,card,4,1,1,False,False,False,0,63,2,0,4,0
TXN_000793,CUST_00220,5373.01,card,1,7,11,False,False,False,5,487,13,0,2,1
TXN_000074,CUST_00222,14144.12,card,6,0,0,False,False,False,0,397,9,0,2,0
TXN_000113,CUST_00106,5375.68,card,20,0,3,False,False,False,0,405,9,0,2,0
TXN_000514,CUST_00051,2661.83,card,21,0,0,False,False,False,0,8,0,0,2,0
TXN_000495,CUST_00039,4610.32,card,4,1,1,False,False,False,0,112,2,0,3,1
TXN_000104,CUST_00183,2361.19,upi,23,2,3,False,False,False,0,1072,26,0,1,0
TXN_000114,CUST_00015,1918.94,card,22,1,1,False,False,False,0,58,1,0,1,0
TXN_000450,CUST_00101,262.08,card,6,1,2,False,False,True,0,1171,29,0,2,0
TXN_000092,CUST_00065,3403.86,card,20,0,0,False,False,False,0,625,12,0,3,0
TXN_000797,CUST_00100,1142.98,card,14,2,4,False,False,False,0,383,5,0,4,0
TXN_000089,CUST_00055,2587.55,card,1,1,2,False,False,False,1,214,4,0,4,0
TXN_000336,CUST_00008,880.59,upi,2,0,1,False,False,False,0,30,2,0,2,0
TXN_000888,CUST_00012,2261.61,card,11,0,0,False,False,False,0,657,7,0,1,0
TXN_000824,CUST_00163,1868.59,card,8,0,0,True,False,False,0,109,2,0,3,0
TXN_000835,CUST_00209,5672.95,card,18,0,0,False,False,False,0,1090,31,0,1,0
TXN_000547,CUST_00067,1369.29,upi,11,0,1,False,False,False,0,225,10,0,2,0
TXN_000552,CUST_00166,25362.92,wallet,0,5,7,True,True,False,5,721,13,0,4,1
TXN_000094,CUST_00056,4067.1,card,3,0,4,False,False,False,0,107,3,0,4,0
TXN_000011,CUST_00030,2532.16,wallet,5,0,1,True,False,False,0,147,2,0,1,0
TXN_000898,CUST_00127,1538.71,card,15,0,0,False,False,False,0,111,2,0,4,0
TXN_000043,CUST_00195,718.4,upi,14,0,0,False,False,False,0,1320,32,0,3,0
TXN_000042,CUST_00193,757.84,upi,10,1,1,False,False,False,0,43,0,0,3,0
TXN_000329,CUST_00167,688.62,upi,1,1,2,False,False,False,0,136,4,0,4,0
TXN_000167,CUST_00011,1188.35,netbanking,15,1,2,False,False,False,1,413,6,0,2,0
TXN_000785,CUST_00064,210.63,card,2,0,1,False,False,False,1,800,14,0,1,1
TXN_000541,CUST_00134,805.09,card,10,1,1,True,False,False,0,623,15,0,3,0
TXN_000722,CUST_00042,2661.6,card,0,1,2,False,False,False,0,411,10,0,4,0
TXN_000848,CUST_00029,831.88,netbanking,10,0,1,False,True,False,0,260,6,0,2,1
TXN_000178,CUST_00067,5079.82,netbanking,3,1,3,False,False,False,0,225,10,0,2,0
TXN_000587,CUST_00102,2680.19,card,20,0,0,False,False,False,0,777,20,0,2,0
TXN_000790,CUST_00060,1932.3,card,6,0,0,False,True,False,0,411,7,0,2,0
TXN_000597,CUST_00045,1718.15,upi,2,0,2,False,False,False,0,514,13,0,3,0
TXN_000177,CUST_00199,1022.07,upi,2,0,1,False,False,True,0,785,20,0,1,0
TXN_000695,CUST_00169,6316.63,upi,2,5,11,False,False,False,3,134,2,0,1,0
TXN_000715,CUST_00199,231.55,card,14,0,1,False,False,False,0,785,20,0,1,0
TXN_000717,CUST_00110,2229.04,card,20,2,3,False,False,False,0,53,2,0,1,0
TXN_000383,CUST_00165,1815.17,wallet,1,0,1,True,False,False,0,284,6,0,2,0
TXN_000257,CUST_00160,1403.81,card,8,1,1,False,False,False,0,72,4,0,1,0
TXN_000442,CUST_00150,8736.75,card,6,0,0,False,False,False,0,603,16,0,2,0
TXN_000335,CUST_00122,804.26,wallet,23,0,2,False,True,False,0,47,0,0,1,0
TXN_000716,CUST_00155,5400.59,card,18,1,1,False,False,False,0,1058,18,0,3,0
TXN_000015,CUST_00090,1853.46,card,14,0,3,False,False,False,0,71,0,0,4,0
TXN_000003,CUST_00180,6278.46,card,0,0,2,False,True,False,0,387,5,0,3,0
TXN_000662,CUST_00022,919.79,card,10,0,3,False,False,False,0,698,16,0,1,0
TXN_000256,CUST_00211,506.24,card,9,0,0,False,False,False,1,659,14,0,4,0
TXN_000456,CUST_00216,1159.73,card,5,0,1,False,False,False,0,96,1,0,1,0
TXN_000478,CUST_00096,298.14,upi,15,0,1,False,False,False,0,115,0,0,2,0
TXN_000773,CUST_00022,1821.58,upi,5,0,4,False,False,False,0,698,16,0,1,1
TXN_000393,CUST_00037,1151.16,card,9,1,1,False,False,False,1,122,2,0,4,0
TXN_000222,CUST_00152,1295.59,card,22,0,0,False,False,False,0,220,2,0,4,0
TXN_000529,CUST_00203,2649.09,upi,0,1,4,False,False,False,0,166,3,0,1,0
TXN_000457,CUST_00060,1800.26,upi,19,1,1,False,False,False,0,411,7,0,2,0
TXN_000424,CUST_00143,4380.24,upi,17,0,0,False,False,False,0,175,5,0,3,0
TXN_000324,CUST_00224,1276.96,upi,6,0,2,False,False,False,1,13,0,0,4,1
TXN_000534,CUST_00201,4337.24,upi,22,0,2,False,False,False,0,75,2,0,3,0
TXN_000009,CUST_00057,36567.91,upi,11,4,7,True,True,True,2,151,5,0,3,1
TXN_000249,CUST_00141,4847.13,upi,3,0,2,False,False,False,0,108,0,0,2,1
TXN_000022,CUST_00057,1512.18,card,7,0,1,False,False,False,0,151,5,0,3,0
TXN_000356,CUST_00092,1489.09,card,18,2,3,False,False,False,0,490,12,0,2,0
TXN_000221,CUST_00203,2749.8,card,3,3,6,False,False,False,1,166,3,0,1,0
TXN_000605,CUST_00214,1424.63,netbanking,10,0,1,False,False,False,1,136,6,0,2,0
TXN_000772,CUST_00166,3121.03,netbanking,10,0,0,False,False,False,0,721,13,0,4,0
TXN_000883,CUST_00104,1252.86,upi,8,0,2,False,False,True,1,703,16,0,3,0
TXN_000532,CUST_00153,1240.04,card,16,1,1,False,False,False,1,1293,27,0,3,0
TXN_000340,CUST_00121,3247.51,card,13,1,1,False,False,False,0,172,2,0,3,0
TXN_000749,CUST_00003,1506.47,card,13,1,2,False,False,False,0,106,3,0,3,0
TXN_000523,CUST_00200,29970.81,card,4,9,12,True,True,False,0,413,18,0,2,1
TXN_000203,CUST_00101,1119.17,upi,15,0,0,False,False,False,0,1171,29,0,2,0
TXN_000237,CUST_00222,1853.44,wallet,6,0,1,False,False,True,0,397,9,0,2,0
TXN_000093,CUST_00152,2018.3,card,4,0,1,False,False,True,0,220,2,0,4,0
TXN_000538,CUST_00031,3600.81,card,12,0,0,False,False,False,0,480,17,0,1,0
TXN_000445,CUST_00068,3688.4,upi,8,0,2,False,False,False,0,16,0,0,2,0
TXN_000682,CUST_00122,1097.78,upi,22,0,2,False,False,False,0,47,0,0,1,0
TXN_000284,CUST_00198,1227.82,card,9,0,2,False,False,False,0,168,5,0,4,0
TXN_000184,CUST_00179,1825.42,upi,23,0,1,False,False,False,0,451,10,0,2,0
TXN_000799,CUST_00123,488.86,upi,11,0,0,False,False,False,0,151,1,0,3,0
TXN_000434,CUST_00162,1363.65,netbanking,6,1,1,True,False,False,0,373,8,0,1,0
TXN_000735,CUST_00117,170.98,card,0,1,8,False,False,False,0,585,16,0,1,0
TXN_000153,CUST_00111,1048.66,netbanking,14,0,2,False,False,False,1,71,0,0,3,0
TXN_000075,CUST_00053,557.86,upi,4,0,0,False,False,False,1,499,14,0,2,0
TXN_000879,CUST_00078,2810.61,card,12,0,1,False,False,False,0,809,8,0,1,0
TXN_000554,CUST_00165,1473.88,card,11,0,1,True,False,True,0,284,6,0,2,1
TXN_000277,CUST_00074,6470.52,upi,23,2,2,False,False,False,0,18,0,0,3,0
TXN_000068,CUST_00036,2583.34,card,17,0,6,True,False,False,0,130,5,0,2,0
TXN_000568,CUST_00142,725.4,card,16,0,1,False,False,False,0,613,9,0,4,0
TXN_000188,CUST_00091,2006.5,upi,16,1,2,False,False,False,0,728,13,0,1,0
TXN_000271,CUST_00034,1072.24,card,6,1,2,False,False,False,0,175,8,0,2,0
TXN_000667,CUST_00085,851.98,card,12,7,11,False,False,True,4,20,1,0,4,1
TXN_000559,CUST_00160,2312.1,upi,20,0,1,False,False,False,2,72,4,0,1,0
TXN_000236,CUST_00013,1882.19,upi,15,1,3,False,False,False,0,147,1,0,2,0
TXN_000088,CUST_00179,2741.17,card,19,1,1,False,False,False,0,451,10,0,2,0
TXN_000792,CUST_00221,3931.99,card,8,0,0,False,False,False,0,438,7,2,1,0
TXN_000117,CUST_00021,1911.49,card,23,0,0,False,False,False,0,84,1,0,3,0
TXN_000125,CUST_00177,1088.01,upi,9,0,1,False,False,False,0,538,15,0,1,1
TXN_000737,CUST_00062,3339.99,netbanking,2,1,2,False,False,True,0,572,14,0,1,0
TXN_000289,CUST_00048,1192.16,upi,1,0,2,True,False,False,0,121,5,0,4,0
TXN_000238,CUST_00019,339.6,card,4,0,0,False,False,True,0,156,3,0,2,0
TXN_000000,CUST_00047,11100.63,card,11,0,1,False,False,False,0,106,1,0,1,0
TXN_000890,CUST_00059,967.6,card,15,1,2,False,False,False,0,49,2,0,2,0
TXN_000601,CUST_00004,3050.5,card,10,0,0,False,False,False,0,32,0,0,3,0
TXN_000855,CUST_00119,715.86,card,23,0,0,False,False,False,0,64,1,0,1,0
TXN_000395,CUST_00140,11427.43,netbanking,4,4,8,True,False,False,1,373,4,0,2,1
TXN_000535,CUST_00045,2860.2,card,0,1,2,False,False,False,1,514,13,0,3,0
TXN_000126,CUST_00135,4387.84,upi,6,0,1,False,False,False,0,35,1,0,4,0
TXN_000278,CUST_00214,2046.46,wallet,3,0,1,False,False,False,0,136,6,0,2,0
TXN_000696,CUST_00031,2323.82,card,1,0,0,False,False,False,0,480,17,0,1,0
TXN_000116,CUST_00049,10669.33,upi,3,3,10,False,False,True,2,62,0,0,3,1
TXN_000228,CUST_00065,1846.9,upi,8,1,2,False,False,False,0,625,12,0,3,0
TXN_000813,CUST_00072,1931.7,upi,18,1,1,False,False,True,0,770,11,2,3,0
TXN_000660,CUST_00117,969.92,card,12,0,1,False,False,False,0,585,16,0,1,0
TXN_000057,CUST_00163,1620.22,card,5,0,2,False,False,False,1,109,2,0,3,0
TXN_000784,CUST_00203,7533.52,card,14,1,2,False,False,False,1,166,3,0,1,0
TXN_000274,CUST_00179,3716.74,netbanking,6,0,1,False,False,False,0,451,10,0,2,0
TXN_000318,CUST_00169,499.38,card,8,0,2,False,False,False,0,134,2,0,1,0
TXN_000630,CUST_00112,1914.67,card,15,0,0,False,False,False,0,117,1,0,1,0
TXN_000144,CUST_00213,2532.29,upi,9,0,1,True,False,True,0,657,14,1,2,0
TXN_000713,CUST_00026,3139.34,card,8,1,3,False,True,False,1,172,6,0,2,0
TXN_000595,CUST_00208,9165.44,upi,19,2,5,True,True,False,0,386,8,0,3,1
TXN_000816,CUST_00034,1083.47,card,0,0,0,False,False,False,0,175,8,0,2,0
TXN_000781,CUST_00135,1424.9,upi,13,0,0,False,False,False,0,35,1,0,4,0
TXN_000369,CUST_00101,1045.99,card,6,1,2,False,False,False,0,1171,29,0,2,0
TXN_000268,CUST_00175,1676.18,card,22,0,0,False,False,False,0,70,1,0,4,0
TXN_000628,CUST_00143,2367.74,upi,7,0,2,False,False,False,0,175,5,0,3,0
TXN_000307,CUST_00140,891.3,netbanking,22,2,3,False,False,False,0,373,4,0,2,0
TXN_000423,CUST_00059,1061.64,upi,8,0,0,False,True,False,0,49,2,0,2,0
TXN_000310,CUST_00073,31673.55,wallet,7,0,1,True,False,False,0,126,6,0,4,0
TXN_000354,CUST_00027,2717.5,upi,10,1,3,False,False,False,0,29,1,0,1,0
TXN_000046,CUST_00022,2580.25,card,4,1,3,False,False,False,0,698,16,0,1,0
TXN_000349,CUST_00118,5237.53,upi,1,0,1,False,True,False,0,445,14,0,4,0
TXN_000371,CUST_00040,3079.39,card,9,1,2,True,False,False,1,506,12,0,4,0
TXN_000479,CUST_00042,2594.21,netbanking,8,1,1,False,False,False,0,411,10,0,4,0
TXN_000580,CUST_00156,1793.42,card,18,0,0,False,False,False,0,138,6,0,2,0
TXN_000261,CUST_00077,1083.24,upi,22,1,4,False,False,False,0,312,5,0,4,0
TXN_000195,CUST_00143,1193.85,card,22,0,1,True,False,False,0,175,5,0,3,0
TXN_000899,CUST_00111,1763.66,card,18,0,1,False,False,False,0,71,0,0,3,0
TXN_000750,CUST_00101,3793.11,card,13,0,2,False,False,True,0,1171,29,0,2,0
TXN_000107,CUST_00221,2110.08,upi,6,1,3,False,False,False,0,438,7,2,1,0
TXN_000875,CUST_00059,2404.42,card,0,3,8,False,True,False,2,49,2,0,2,1
TXN_000059,CUST_00099,755.66,upi,21,0,0,False,False,False,0,855,20,0,3,0
TXN_000691,CUST_00016,1789.5,card,20,0,2,False,True,False,0,34,2,0,1,0
TXN_000263,CUST_00105,3107.47,upi,6,0,1,False,False,False,0,276,4,0,3,0
TXN_000572,CUST_00049,6888.93,card,21,1,1,False,False,False,0,62,0,0,3,0
TXN_000100,CUST_00102,3656.28,card,16,0,1,False,True,False,0,777,20,0,2,0
TXN_000443,CUST_00187,2737.99,upi,8,0,0,False,False,False,0,321,7,0,3,0
TXN_000490,CUST_00039,2164.87,netbanking,19,0,2,False,False,False,0,112,2,0,3,0
TXN_000611,CUST_00218,1939.67,card,17,1,3,False,False,False,0,246,5,0,1,0
TXN_000806,CUST_00042,866.85,card,18,1,5,False,False,False,0,411,10,0,4,1
TXN_000798,CUST_00215,7877.04,card,21,5,9,False,False,False,1,126,4,0,1,1
TXN_000169,CUST_00168,2446.87,card,16,0,1,False,False,False,1,290,9,0,1,0
TXN_000179,CUST_00048,2668.52,card,16,0,1,True,False,False,1,121,5,0,4,0
TXN_000304,CUST_00100,1227.48,upi,19,2,2,False,False,False,0,383,5,0,4,0
TXN_000341,CUST_00112,2119.48,upi,10,0,0,False,False,True,0,117,1,0,1,0
TXN_000867,CUST_00045,4737.66,card,19,0,1,False,False,False,0,514,13,0,3,0
TXN_000149,CUST_00160,2596.52,card,9,0,2,False,False,False,0,72,4,0,1,0
TXN_000124,CUST_00116,402.52,card,14,0,1,False,False,False,0,820,15,0,2,0
TXN_000708,CUST_00180,3471.86,card,12,0,2,False,False,False,0,387,5,0,3,0
TXN_000050,CUST_00135,6156.68,card,16,0,0,False,False,False,0,35,1,0,4,0
TXN_000353,CUST_00165,1952.46,card,19,0,2,True,False,False,0,284,6,0,2,0
TXN_000830,CUST_00010,1499.84,upi,12,0,1,False,False,False,0,26,1,0,4,0
TXN_000142,CUST_00210,7790.3,card,11,1,3,False,False,False,0,110,2,0,4,0
TXN_000470,CUST_00152,4802.61,wallet,22,0,5,False,False,False,0,220,2,0,4,0
TXN_000399,CUST_00144,5064.3,card,5,0,3,False,False,False,0,296,5,0,2,0
TXN_000851,CUST_00192,1213.69,netbanking,6,0,2,False,False,False,0,217,4,0,4,0
TXN_000320,CUST_00011,6397.19,upi,21,0,1,False,False,True,1,413,6,0,2,0
TXN_000019,CUST_00190,3206.34,card,0,0,1,False,False,False,1,53,1,0,2,0
TXN_000811,CUST_00189,4042.99,upi,14,1,4,True,False,False,0,396,11,0,2,0
TXN_000712,CUST_00042,922.02,upi,15,2,4,False,False,False,0,411,10,0,4,0
TXN_000728,CUST_00102,731.0,netbanking,10,0,0,False,False,False,0,777,20,0,2,0
TXN_000407,CUST_00203,1876.21,card,12,0,0,False,False,False,0,166,3,0,1,0
TXN_000821,CUST_00029,2811.5,netbanking,13,0,2,False,False,False,0,260,6,0,2,0
TXN_000038,CUST_00016,3134.69,card,8,2,4,False,False,False,0,34,2,0,1,0
TXN_000175,CUST_00167,1549.33,card,5,1,4,True,False,False,0,136,4,0,4,0
TXN_000245,CUST_00130,247.21,wallet,18,0,1,False,False,False,0,306,6,0,4,0
TXN_000746,CUST_00170,284.1,card,22,0,2,True,False,False,0,115,3,0,1,0
TXN_000606,CUST_00114,3844.72,card,1,0,3,False,False,True,0,157,5,0,4,0
TXN_000679,CUST_00155,1619.86,card,12,0,2,False,False,False,0,1058,18,0,3,0
TXN_000770,CUST_00192,2251.42,card,17,6,10,True,False,False,2,217,4,0,4,1
TXN_000154,CUST_00106,1214.87,upi,9,0,2,True,False,False,1,405,9,0,2,0
TXN_000287,CUST_00069,1135.58,card,14,1,2,False,False,True,1,363,5,1,2,0
TXN_000544,CUST_00196,343.04,card,9,0,1,False,False,False,0,153,2,0,3,0
TXN_000017,CUST_00050,13341.46,card,2,3,7,True,True,True,1,134,2,0,4,1
TXN_000127,CUST_00086,1208.15,card,6,0,0,False,False,False,0,652,21,0,4,0
TXN_000322,CUST_00097,1021.39,card,3,0,0,False,False,False,0,28,1,0,4,0
TXN_000255,CUST_00117,1038.35,netbanking,18,0,0,False,False,False,0,585,16,0,1,0
TXN_000596,CUST_00098,656.94,card,6,2,4,False,False,False,0,191,5,0,3,0
TXN_000865,CUST_00088,3543.81,upi,23,0,6,False,False,False,0,146,4,0,4,0
TXN_000190,CUST_00076,2668.98,upi,7,0,3,False,False,False,0,970,16,0,4,0
TXN_000115,CUST_00221,5689.24,card,0,1,2,False,False,False,0,438,7,2,1,0
TXN_000557,CUST_00079,6624.03,card,22,6,10,False,False,False,2,286,5,0,3,1
TXN_000180,CUST_00123,2453.25,card,1,0,0,False,False,False,0,151,1,0,3,0
TXN_000301,CUST_00124,2643.39,upi,11,1,2,False,False,False,0,26,1,0,1,0
TXN_000684,CUST_00101,4288.54,card,4,0,1,False,False,False,0,1171,29,0,2,0
TXN_000643,CUST_00114,1161.33,card,22,0,2,False,False,False,0,157,5,0,4,0
TXN_000732,CUST_00155,1665.74,card,4,1,2,False,False,False,0,1058,18,0,3,0
TXN_000620,CUST_00015,1640.07,card,19,0,1,False,False,False,0,58,1,0,1,1
TXN_000838,CUST_00222,1064.65,upi,21,0,2,False,False,False,0,397,9,0,2,0
TXN_000517,CUST_00099,2767.51,card,11,0,2,False,False,False,0,855,20,0,3,0
TXN_000884,CUST_00146,7399.3,card,21,0,1,False,False,True,0,286,6,1,2,0
TXN_000045,CUST_00068,813.59,card,3,0,1,False,False,False,0,16,0,0,2,0
TXN_000814,CUST_00000,1024.23,card,9,0,3,False,False,False,0,913,21,0,2,0
TXN_000157,CUST_00078,5204.62,upi,17,2,2,False,False,False,0,809,8,0,1,0
TXN_000670,CUST_00176,4762.31,upi,22,0,4,False,False,False,0,434,10,1,1,0
TXN_000171,CUST_00057,2486.56,card,14,0,1,False,False,False,0,151,5,0,3,0
TXN_000016,CUST_00209,17882.96,card,2,0,0,False,False,False,0,1090,31,0,1,0
TXN_000511,CUST_00034,1872.66,upi,14,0,2,False,False,False,0,175,8,0,2,0
TXN_000048,CUST_00120,2532.87,netbanking,5,0,2,True,False,False,0,451,4,0,3,0
TXN_000882,CUST_00103,986.05,upi,3,0,1,False,False,True,0,424,4,0,4,0
TXN_000755,CUST_00088,2995.03,card,4,0,1,False,False,False,0,146,4,0,4,0
TXN_000515,CUST_00100,977.5,upi,18,0,2,False,False,False,1,383,5,0,4,0
TXN_000621,CUST_00191,681.71,netbanking,10,1,1,False,False,False,0,398,13,0,3,0
TXN_000480,CUST_00119,2059.68,upi,2,0,2,False,False,False,0,64,1,0,1,0
TXN_000283,CUST_00017,1046.38,upi,22,1,1,False,False,False,0,119,1,0,1,0
TXN_000593,CUST_00185,895.06,upi,23,0,1,False,False,False,1,34,1,1,1,0
TXN_000225,CUST_00074,3994.42,card,13,0,0,False,False,False,0,18,0,0,3,1
TXN_000026,CUST_00176,2014.79,netbanking,23,2,3,False,False,False,0,434,10,1,1,1
TXN_000704,CUST_00071,2678.65,card,0,0,2,False,False,False,0,573,8,0,2,0
TXN_000437,CUST_00209,5046.12,card,0,1,2,False,False,False,2,1090,31,0,1,0
TXN_000852,CUST_00194,1215.47,card,23,0,2,False,False,False,0,104,3,0,3,0
TXN_000364,CUST_00125,1017.9,card,14,1,2,False,False,False,0,347,3,0,1,1
TXN_000229,CUST_00047,2430.74,upi,17,1,3,False,False,False,0,106,1,0,1,0
TXN_000037,CUST_00190,2570.96,upi,15,0,0,False,False,False,0,53,1,0,2,0
TXN_000866,CUST_00126,1853.6,upi,22,2,5,False,False,False,0,369,2,0,4,0
TXN_000374,CUST_00032,1626.43,card,19,0,1,False,False,False,0,269,9,0,2,0
TXN_000469,CUST_00091,1401.51,upi,6,0,2,False,False,False,0,728,13,0,1,0
TXN_000868,CUST_00160,2011.01,card,23,0,1,False,False,False,0,72,4,0,1,0
TXN_000764,CUST_00032,4003.65,upi,17,0,1,False,False,False,0,269,9,0,2,0
TXN_000656,CUST_00163,862.35,upi,7,0,2,True,False,False,0,109,2,0,3,0
TXN_000194,CUST_00024,923.54,card,15,0,2,False,False,False,1,249,5,0,4,0
TXN_000766,CUST_00142,2602.55,card,10,0,1,False,False,False,0,613,9,0,4,0
TXN_000825,CUST_00212,998.17,upi,3,0,3,False,False,False,0,290,10,0,1,1
TXN_000503,CUST_00012,3171.2,card,13,0,1,False,False,False,0,657,7,0,1,0
TXN_000870,CUST_00104,1350.35,upi,21,0,1,False,False,False,0,703,16,0,3,0
TXN_000864,CUST_00090,2667.24,netbanking,1,0,3,False,False,False,1,71,0,0,4,0
TXN_000579,CUST_00135,6264.6,card,23,1,2,False,False,False,0,35,1,0,4,0
TXN_000869,CUST_00153,3767.92,card,5,0,1,False,True,False,0,1293,27,0,3,0
TXN_000162,CUST_00189,1150.25,upi,19,0,1,False,False,False,1,396,11,0,2,0
TXN_000635,CUST_00016,1979.06,card,1,0,4,False,True,False,0,34,2,0,1,0
TXN_000152,CUST_00136,669.01,card,6,0,2,False,False,False,0,2064,54,0,4,0
TXN_000616,CUST_00043,2029.33,wallet,3,2,4,False,False,False,0,27,2,0,2,0
TXN_000634,CUST_00159,3074.19,card,14,2,4,False,False,False,0,48,0,0,4,0
TXN_000680,CUST_00144,1745.03,netbanking,7,0,1,False,False,False,0,296,5,0,2,0
TXN_000111,CUST_00143,1022.23,card,14,2,4,False,False,False,1,175,5,0,3,0
TXN_000226,CUST_00186,3536.06,card,13,0,2,False,False,False,0,533,5,0,1,0
TXN_000622,CUST_00013,2765.31,upi,20,1,3,False,False,False,0,147,1,0,2,0
TXN_000103,CUST_00162,19945.16,card,3,3,5,True,True,True,3,373,8,0,1,1
TXN_000421,CUST_00056,2939.25,upi,0,2,2,True,True,False,0,107,3,0,4,0
TXN_000419,CUST_00064,1612.97,card,13,0,1,False,False,True,0,800,14,0,1,0
TXN_000586,CUST_00129,2563.5,card,6,0,1,False,False,False,0,1037,19,0,4,0
TXN_000119,CUST_00092,17951.78,wallet,3,0,6,True,False,False,0,490,12,0,2,1
TXN_000053,CUST_00175,1091.69,card,18,0,2,False,False,False,0,70,1,0,4,0
TXN_000151,CUST_00126,1501.13,card,11,1,1,True,False,False,0,369,2,0,4,0
TXN_000403,CUST_00170,5342.56,card,14,1,2,False,True,False,0,115,3,0,1,0
TXN_000847,CUST_00100,942.32,card,3,0,4,False,False,False,0,383,5,0,4,0
TXN_000207,CUST_00045,1147.63,upi,23,0,1,False,False,False,0,514,13,0,3,0
TXN_000758,CUST_00001,1384.75,upi,12,0,0,False,False,False,0,887,13,0,1,0
TXN_000853,CUST_00087,1188.8,upi,19,2,4,False,True,False,0,170,4,0,3,0
TXN_000008,CUST_00026,1744.69,card,2,0,0,False,False,False,0,172,6,0,2,0
TXN_000759,CUST_00085,3939.51,wallet,15,0,0,False,False,False,0,20,1,0,4,0
TXN_000036,CUST_00055,7565.75,upi,7,1,3,False,False,False,0,214,4,0,4,0
TXN_000452,CUST_00206,1378.85,card,19,1,2,False,False,False,0,40,0,0,1,0
TXN_000253,CUST_00143,4541.22,card,16,0,1,False,False,False,0,175,5,0,3,0
TXN_000303,CUST_00139,860.72,card,9,0,2,False,False,False,0,92,2,0,4,0
TXN_000672,CUST_00132,3780.29,card,12,0,1,False,False,False,0,134,1,0,1,0
TXN_000571,CUST_00182,1154.61,card,6,0,2,True,False,False,0,856,17,0,2,0
TXN_000623,CUST_00138,3203.12,netbanking,14,0,1,True,False,False,0,531,15,0,1,0
TXN_000689,CUST_00076,858.34,card,21,1,2,False,False,False,0,970,16,0,4,0
TXN_000650,CUST_00005,1932.3,upi,23,1,3,False,False,False,0,552,9,0,1,0
TXN_000262,CUST_00037,774.35,upi,20,0,1,False,False,True,0,122,2,0,4,0
TXN_000610,CUST_00160,355.46,upi,2,2,3,False,False,False,0,72,4,0,1,0
TXN_000297,CUST_00127,11815.22,card,22,2,6,False,False,True,0,111,2,0,4,1
TXN_000414,CUST_00080,1955.57,netbanking,8,0,1,False,False,False,0,499,15,0,1,0
TXN_000150,CUST_00072,1628.62,netbanking,17,1,4,False,False,False,0,770,11,2,3,0
TXN_000710,CUST_00056,2484.6,card,20,0,0,True,False,False,0,107,3,0,4,0
TXN_000796,CUST_00082,12035.47,netbanking,19,4,9,True,True,False,3,51,1,0,4,1
TXN_000550,CUST_00173,2565.82,upi,10,2,3,False,False,False,1,508,18,0,3,1
TXN_000488,CUST_00221,22449.53,card,4,0,0,False,False,False,0,438,7,2,1,0
TXN_000147,CUST_00049,3624.48,wallet,17,0,0,False,False,False,0,62,0,0,3,0
TXN_000146,CUST_00102,1630.97,upi,0,0,1,False,False,False,1,777,20,0,2,0
TXN_000651,CUST_00083,2820.99,card,9,2,3,False,False,False,0,54,1,0,1,0
TXN_000833,CUST_00095,15011.43,card,10,0,2,False,False,False,0,201,7,0,3,0
TXN_000666,CUST_00147,357.13,upi,14,1,2,False,False,False,0,179,4,0,4,0
TXN_000348,CUST_00215,1065.78,card,8,0,1,True,False,False,1,126,4,0,1,0
TXN_000463,CUST_00126,2121.38,card,12,0,0,False,False,False,0,369,2,0,4,0
TXN_000325,CUST_00050,2667.66,netbanking,16,0,1,False,False,False,1,134,2,0,4,0
TXN_000186,CUST_00178,4333.11,upi,15,0,0,False,False,False,0,361,9,0,2,0
TXN_000123,CUST_00063,2040.13,upi,11,0,2,False,False,False,0,2017,43,0,3,0
TXN_000765,CUST_00004,1498.58,card,16,1,1,True,False,False,0,32,0,0,3,0
TXN_000608,CUST_00196,925.21,netbanking,22,1,4,False,False,False,0,153,2,0,3,0
TXN_000143,CUST_00186,1170.67,card,15,1,3,False,False,False,0,533,5,0,1,0
TXN_000859,CUST_00041,4845.12,upi,23,0,1,False,False,False,0,528,15,0,1,0
TXN_000197,CUST_00167,1745.61,card,0,2,2,False,False,True,0,136,4,0,4,0
TXN_000609,CUST_00171,2608.46,card,8,1,2,False,False,True,0,810,15,0,4,0
TXN_000279,CUST_00154,3124.46,card,7,1,4,False,False,False,0,63,2,0,4,0
TXN_000293,CUST_00204,3631.78,card,1,0,1,False,False,False,0,57,0,0,4,0
TXN_000400,CUST_00069,3511.22,card,9,0,4,False,False,False,0,363,5,1,2,0
TXN_000122,CUST_00021,1442.04,card,3,0,0,False,True,False,0,84,1,0,3,0
TXN_000183,CUST_00175,2291.05,card,12,0,1,False,False,True,0,70,1,0,4,0
TXN_000202,CUST_00027,3023.1,card,4,4,5,True,False,False,2,29,1,0,1,1
TXN_000438,CUST_00072,1724.53,upi,8,1,2,False,True,False,1,770,11,2,3,1
TXN_000246,CUST_00019,1360.04,card,17,1,2,False,False,False,0,156,3,0,2,0
TXN_000415,CUST_00224,2373.87,upi,19,1,3,False,False,False,1,13,0,0,4,0
TXN_000795,CUST_00009,1297.47,card,6,1,1,False,True,False,0,397,7,0,2,0
TXN_000129,CUST_00220,5696.58,card,23,0,1,False,False,False,0,487,13,0,2,1
TXN_000637,CUST_00164,13923.51,upi,4,1,1,True,False,False,0,168,2,0,3,0
TXN_000402,CUST_00065,6162.31,netbanking,4,0,0,False,False,False,0,625,12,0,3,0
TXN_000706,CUST_00007,2541.66,card,4,0,0,False,False,False,0,1187,24,0,1,0
TXN_000694,CUST_00169,772.89,netbanking,8,0,3,True,False,False,1,134,2,0,1,0
TXN_000817,CUST_00220,2289.34,upi,15,0,0,True,False,False,0,487,13,0,2,1
TXN_000219,CUST_00218,4070.54,card,13,0,0,False,False,False,0,246,5,0,1,0
TXN_000641,CUST_00106,8337.32,card,21,0,0,False,False,False,0,405,9,0,2,0
TXN_000819,CUST_00106,938.51,card,19,0,1,False,False,False,0,405,9,0,2,0
TXN_000677,CUST_00058,959.42,upi,19,0,1,False,False,False,1,137,2,0,4,0
TXN_000822,CUST_00046,13815.61,upi,16,3,8,False,False,True,3,426,4,0,3,1
TXN_000624,CUST_00211,14405.38,upi,9,0,0,False,True,False,0,659,14,0,4,0
TXN_000753,CUST_00102,1577.86,card,6,0,0,False,False,False,0,777,20,0,2,0
TXN_000685,CUST_00019,3817.28,card,13,1,1,False,False,False,0,156,3,0,2,0
TXN_000386,CUST_00048,2927.57,upi,3,0,0,True,False,False,0,121,5,0,4,0
TXN_000872,CUST_00114,2476.71,upi,2,1,1,False,False,False,0,157,5,0,4,0
TXN_000509,CUST_00190,391.16,card,18,0,0,True,False,False,1,53,1,0,2,0
TXN_000267,CUST_00179,2832.81,upi,4,1,3,False,False,False,0,451,10,0,2,0
TXN_000754,CUST_00072,2904.72,card,16,0,1,False,False,False,0,770,11,2,3,0
TXN_000441,CUST_00118,2739.91,upi,12,0,4,False,False,False,0,445,14,0,4,0
TXN_000496,CUST_00057,2914.95,netbanking,5,0,1,False,False,False,0,151,5,0,3,0
TXN_000112,CUST_00148,3493.04,upi,0,5,8,True,False,False,2,232,6,0,2,1
TXN_000232,CUST_00042,1208.67,card,12,0,1,False,False,False,0,411,10,0,4,0
TXN_000780,CUST_00220,9826.02,card,3,0,1,False,False,False,0,487,13,0,2,0
TXN_000607,CUST_00002,653.19,card,14,0,0,True,False,False,0,906,21,0,4,0
TXN_000671,CUST_00054,1301.83,netbanking,18,2,9,False,True,True,2,1518,30,0,4,1
TXN_000373,CUST_00048,6073.24,card,22,0,1,False,False,False,0,121,5,0,4,0
TXN_000881,CUST_00161,4853.91,card,8,0,0,False,False,False,0,510,9,0,3,0
TXN_000757,CUST_00182,107918.7,upi,3,6,11,False,True,True,2,856,17,0,2,1
TXN_000233,CUST_00027,2310.33,card,8,0,1,False,False,False,0,29,1,0,1,0
TXN_000707,CUST_00100,824.46,card,16,0,2,False,False,False,0,383,5,0,4,0
TXN_000676,CUST_00027,892.09,card,14,0,0,False,False,False,0,29,1,0,1,0
TXN_000317,CUST_00016,1820.82,upi,20,1,2,False,False,False,0,34,2,0,1,0
TXN_000648,CUST_00029,2728.33,upi,5,1,3,False,False,False,0,260,6,0,2,0
TXN_000410,CUST_00035,1013.52,card,6,0,1,False,False,False,0,243,3,0,4,0
TXN_000873,CUST_00151,3569.78,card,6,0,0,False,True,False,0,953,20,0,4,0
TXN_000358,CUST_00150,10908.96,card,19,0,0,True,False,False,0,603,16,0,2,0
TXN_000258,CUST_00093,3654.5,card,12,1,1,False,False,False,0,125,6,0,1,1
TXN_000627,CUST_00093,1260.66,card,23,0,1,False,False,False,0,125,6,0,1,0
TXN_000632,CUST_00149,1219.77,card,11,0,0,False,False,False,1,10,0,0,3,0
TXN_000282,CUST_00198,3095.48,netbanking,16,1,5,True,False,False,0,168,5,0,4,1
TXN_000376,CUST_00132,4064.98,netbanking,6,0,3,True,False,False,2,134,1,0,1,0
TXN_000384,CUST_00159,6026.16,card,13,1,2,False,False,False,0,48,0,0,4,0
TXN_000224,CUST_00185,2698.86,netbanking,14,1,1,False,False,False,0,34,1,1,1,0
TXN_000854,CUST_00074,1133.24,upi,9,0,1,False,False,False,0,18,0,0,3,1
TXN_000736,CUST_00060,2305.64,card,8,0,3,True,False,False,0,411,7,0,2,0
TXN_000472,CUST_00181,1241.68,netbanking,19,1,3,True,False,False,0,414,11,0,1,0
TXN_000347,CUST_00110,372.44,card,13,1,2,False,False,False,0,53,2,0,1,0
TXN_000505,CUST_00130,2255.83,card,11,0,1,False,False,False,0,306,6,0,4,0
TXN_000639,CUST_00191,2536.01,upi,5,0,3,False,False,False,0,398,13,0,3,0
TXN_000887,CUST_00191,2514.69,card,8,1,2,True,False,False,0,398,13,0,3,0
TXN_000849,CUST_00062,7268.4,upi,20,1,1,False,False,False,0,572,14,0,1,0
TXN_000810,CUST_00023,2608.75,upi,23,4,10,False,True,True,5,466,14,0,4,1
TXN_000619,CUST_00017,2651.96,card,2,2,5,True,False,True,0,119,1,0,1,1
TXN_000767,CUST_00115,5138.01,card,11,0,1,False,False,False,0,260,8,0,4,0
TXN_000645,CUST_00070,2455.67,card,5,0,2,False,False,False,0,236,4,0,2,0
TXN_000760,CUST_00190,6882.36,upi,3,0,4,False,False,False,0,53,1,0,2,0
TXN_000556,CUST_00023,3257.78,card,14,0,0,False,False,False,0,466,14,0,4,0
TXN_000858,CUST_00051,1243.47,upi,22,1,1,False,False,False,0,8,0,0,2,0
TXN_000577,CUST_00106,1911.45,card,18,1,3,False,False,False,0,405,9,0,2,0
TXN_000085,CUST_00177,1551.39,card,21,0,1,False,False,False,0,538,15,0,1,0
TXN_000242,CUST_00118,6202.65,upi,2,0,0,False,False,False,0,445,14,0,4,0
TXN_000698,CUST_00115,6280.35,upi,6,1,1,False,False,False,0,260,8,0,4,0
TXN_000159,CUST_00194,2506.78,card,16,0,1,False,False,False,0,104,3,0,3,0
TXN_000524,CUST_00028,1096.02,card,10,0,3,False,False,False,0,68,3,0,2,0
TXN_000035,CUST_00191,28307.92,card,2,4,7,True,True,False,3,398,13,0,3,1
TXN_000540,CUST_00044,1246.5,card,9,0,2,False,False,False,0,430,5,0,2,0
TXN_000170,CUST_00121,4089.49,card,12,0,1,False,False,False,1,172,2,0,3,0
TXN_000654,CUST_00084,1196.54,card,6,0,4,False,False,False,0,44,1,0,4,0
TXN_000877,CUST_00079,1047.96,card,5,0,2,False,True,False,0,286,5,0,3,1
TXN_000761,CUST_00119,2421.29,wallet,19,0,1,False,False,False,0,64,1,0,1,0
TXN_000846,CUST_00036,3786.25,card,14,0,1,False,False,False,0,130,5,0,2,0
TXN_000733,CUST_00093,2983.84,card,14,1,1,False,False,False,0,125,6,0,1,0
TXN_000095,CUST_00117,3759.57,card,9,0,1,True,False,False,0,585,16,0,1,0
TXN_000563,CUST_00098,788.77,upi,23,0,2,True,False,False,0,191,5,0,3,0
TXN_000240,CUST_00006,1761.9,card,23,0,2,False,False,False,0,535,13,0,4,0
TXN_000574,CUST_00010,5519.45,card,12,0,0,True,False,False,2,26,1,0,4,0
TXN_000690,CUST_00069,3009.91,card,4,2,10,True,True,False,1,363,5,1,2,1
TXN_000460,CUST_00143,567.31,card,8,0,0,False,False,False,0,175,5,0,3,0
TXN_000553,CUST_00050,3561.08,card,23,0,1,False,False,False,0,134,2,0,4,0
TXN_000786,CUST_00173,895.88,wallet,11,0,0,False,False,False,0,508,18,0,3,0
TXN_000206,CUST_00069,1970.26,card,14,0,0,False,False,False,0,363,5,1,2,0
TXN_000392,CUST_00217,14139.29,upi,23,4,5,False,True,True,6,396,4,0,1,1
TXN_000397,CUST_00073,1170.63,card,0,1,2,False,False,False,0,126,6,0,4,0
TXN_000762,CUST_00046,1581.04,upi,13,0,1,False,False,False,0,426,4,0,3,0
TXN_000217,CUST_00031,1734.35,card,17,0,1,True,False,False,0,480,17,0,1,0
TXN_000004,CUST_00143,2503.5,upi,10,0,0,True,False,False,0,175,5,0,3,0
TXN_000642,CUST_00162,4062.12,card,22,0,0,False,False,False,0,373,8,0,1,0
TXN_000804,CUST_00020,765.46,upi,23,0,2,False,False,False,0,474,13,0,2,0
TXN_000612,CUST_00044,9367.48,wallet,15,1,6,True,True,False,1,430,5,0,2,1
TXN_000738,CUST_00095,2854.76,card,11,1,2,False,False,False,0,201,7,0,3,0
TXN_000546,CUST_00125,1797.45,upi,17,1,1,False,False,False,0,347,3,0,1,0
TXN_000725,CUST_00010,4646.48,card,8,5,8,True,True,True,1,26,1,0,4,1
TXN_000683,CUST_00033,2149.6,upi,8,1,3,False,False,False,0,90,1,0,3,0
TXN_000098,CUST_00075,1091.78,card,15,0,5,True,False,False,0,351,3,0,3,1
TXN_000727,CUST_00064,3763.86,card,4,0,0,False,False,False,0,800,14,0,1,0
TXN_000573,CUST_00160,1870.83,upi,14,0,3,False,False,False,0,72,4,0,1,0
TXN_000406,CUST_00056,2394.4,card,13,0,3,False,False,False,0,107,3,0,4,0
TXN_000502,CUST_00002,4524.38,card,17,0,2,False,False,False,0,906,21,0,4,0
TXN_000047,CUST_00139,3068.34,upi,1,3,5,True,False,True,5,92,2,0,4,1
TXN_000032,CUST_00088,7436.74,upi,6,1,3,False,False,False,0,146,4,0,4,0
TXN_000200,CUST_00023,1381.17,upi,18,1,1,False,False,False,2,466,14,0,4,0
TXN_000134,CUST_00056,1050.14,upi,17,2,6,False,False,False,0,107,3,0,4,0
TXN_000027,CUST_00143,1441.53,card,12,0,1,False,False,False,0,175,5,0,3,0
TXN_000788,CUST_00112,3205.76,card,23,0,0,False,False,False,0,117,1,0,1,0
TXN_000230,CUST_00029,4678.85,card,6,0,1,False,False,False,0,260,6,0,2,0
TXN_000489,CUST_00124,1127.0,upi,10,0,1,False,False,False,0,26,1,0,1,0
TXN_000378,CUST_00145,1518.03,card,21,1,4,False,False,False,0,200,2,0,1,0
TXN_000288,CUST_00169,18070.16,card,3,3,7,True,True,True,2,134,2,0,1,1
TXN_000418,CUST_00163,6454.47,upi,12,1,2,False,False,False,0,109,2,0,3,0
TXN_000674,CUST_00107,7195.83,card,21,0,2,False,False,False,0,144,5,0,1,0
TXN_000391,CUST_00211,27359.55,card,4,0,1,False,False,False,0,659,14,0,4,0
TXN_000592,CUST_00031,1049.26,card,1,3,10,True,True,True,4,480,17,0,1,1
TXN_000498,CUST_00200,484.46,card,21,0,1,True,False,False,0,413,18,0,2,0
TXN_000138,CUST_00052,873.25,card,15,0,3,False,False,False,0,63,1,0,3,0
TXN_000062,CUST_00042,858.27,netbanking,11,1,6,False,False,False,1,411,10,0,4,1
TXN_000471,CUST_00168,2739.82,card,16,6,13,False,False,True,5,290,9,0,1,1
TXN_000647,CUST_00218,3664.81,upi,18,1,3,True,False,False,0,246,5,0,1,0
TXN_000128,CUST_00137,1029.57,card,14,0,1,False,False,True,0,255,8,0,2,0
TXN_000876,CUST_00113,1511.91,card,14,1,3,False,False,False,0,367,5,0,3,0
TXN_000520,CUST_00101,797.66,card,18,1,3,False,False,False,1,1171,29,0,2,0
TXN_000064,CUST_00221,556.24,card,18,0,0,False,False,False,0,438,7,2,1,0
TXN_000014,CUST_00115,308.79,card,13,0,1,False,False,False,0,260,8,0,4,0
TXN_000156,CUST_00101,2217.42,card,4,3,8,True,True,False,0,1171,29,0,2,1
TXN_000040,CUST_00117,879.08,upi,13,1,1,False,False,False,0,585,16,0,1,0
TXN_000492,CUST_00219,2193.33,card,22,1,1,False,False,False,0,329,8,0,2,0
TXN_000379,CUST_00097,2053.58,upi,8,1,1,False,False,False,1,28,1,0,4,0
TXN_000187,CUST_00051,1545.68,card,16,1,4,False,False,False,0,8,0,0,2,0
TXN_000763,CUST_00133,3661.74,card,14,0,0,False,True,False,0,637,15,0,2,0
TXN_000216,CUST_00028,1270.35,card,10,2,4,False,False,False,0,68,3,0,2,0
TXN_000791,CUST_00209,2108.99,netbanking,3,0,0,False,False,False,0,1090,31,0,1,0
TXN_000052,CUST_00027,5370.23,upi,22,0,2,True,False,False,1,29,1,0,1,0
TXN_000337,CUST_00171,4254.16,card,16,1,8,False,True,False,2,810,15,0,4,1
TXN_000748,CUST_00092,3672.97,card,9,0,1,False,False,False,0,490,12,0,2,1
TXN_000719,CUST_00031,4429.16,upi,0,0,0,False,False,False,0,480,17,0,1,0
TXN_000724,CUST_00029,7323.69,card,10,1,3,False,False,False,0,260,6,0,2,0
TXN_000295,CUST_00066,4483.01,card,7,0,5,False,False,False,0,396,13,0,2,0
TXN_000701,CUST_00190,8394.95,card,16,0,0,False,False,False,0,53,1,0,2,0
TXN_000251,CUST_00198,2126.61,card,20,0,2,False,False,True,0,168,5,0,4,0
TXN_000726,CUST_00122,49364.07,upi,22,2,5,False,False,False,3,47,0,0,1,1
TXN_000461,CUST_00123,999.69,upi,8,0,1,False,False,False,0,151,1,0,3,0
TXN_000455,CUST_00179,5850.22,wallet,1,2,5,False,True,True,2,451,10,0,2,1
TXN_000896,CUST_00166,857.38,card,10,2,3,False,False,False,0,721,13,0,4,0
TXN_000269,CUST_00058,3139.92,card,21,0,1,False,False,False,0,137,2,0,4,0
TXN_000201,CUST_00107,3196.48,card,9,0,0,True,False,False,0,144,5,0,1,0
TXN_000161,CUST_00006,1565.66,card,10,0,1,False,False,False,0,535,13,0,4,0
TXN_000555,CUST_00010,1592.92,card,0,1,2,True,False,False,0,26,1,0,4,0
TXN_000729,CUST_00031,3345.32,card,17,0,2,True,False,False,0,480,17,0,1,0
TXN_000401,CUST_00092,926.3,card,23,3,5,False,False,False,0,490,12,0,2,0
TXN_000702,CUST_00164,5218.79,card,0,4,6,False,True,True,0,168,2,0,3,1
TXN_000476,CUST_00118,10650.21,card,14,0,2,False,False,False,0,445,14,0,4,0
TXN_000771,CUST_00094,1913.6,card,15,2,2,False,False,False,0,76,2,0,2,0
TXN_000105,CUST_00206,5217.55,card,18,0,3,False,False,True,0,40,0,0,1,0
TXN_000565,CUST_00144,2106.51,card,17,1,5,False,False,False,0,296,5,0,2,0
TXN_000389,CUST_00034,7320.1,card,15,0,0,False,False,False,0,175,8,0,2,0
TXN_000001,CUST_00204,1733.23,card,11,0,0,False,False,True,0,57,0,0,4,0
TXN_000839,CUST_00218,257.6,upi,4,0,2,True,True,False,0,246,5,0,1,0
TXN_000561,CUST_00004,845.28,upi,15,0,1,False,False,False,1,32,0,0,3,1
TXN_000080,CUST_00113,13876.59,card,9,0,4,False,False,False,0,367,5,0,3,0
TXN_000205,CUST_00144,11603.69,upi,5,0,3,False,False,False,0,296,5,0,2,0
TXN_000034,CUST_00138,1032.83,card,4,2,3,True,True,True,5,531,15,0,1,1
TXN_000775,CUST_00176,857.22,card,22,1,2,False,False,False,0,434,10,1,1,0
TXN_000508,CUST_00005,1636.15,card,6,0,2,True,False,False,0,552,9,0,1,0
TXN_000427,CUST_00223,6693.61,upi,13,1,2,False,False,False,0,531,8,0,1,0
TXN_000454,CUST_00130,7737.64,upi,1,1,3,False,False,False,0,306,6,0,4,0
TXN_000366,CUST_00217,538.34,upi,2,0,3,False,False,False,0,396,4,0,1,0
TXN_000091,CUST_00165,9340.56,upi,4,1,1,False,False,False,2,284,6,0,2,1
TXN_000339,CUST_00106,4671.4,card,21,0,1,False,True,False,1,405,9,0,2,0
TXN_000564,CUST_00122,2441.18,upi,16,1,3,False,False,False,0,47,0,0,1,0
TXN_000345,CUST_00208,2773.73,card,20,0,0,False,True,False,0,386,8,0,3,0
TXN_000776,CUST_00187,5640.04,card,13,2,5,False,False,True,1,321,7,0,3,0
TXN_000241,CUST_00029,1757.71,card,7,1,2,False,False,False,0,260,6,0,2,1
TXN_000013,CUST_00212,2140.51,wallet,9,1,1,False,False,False,0,290,10,0,1,0
TXN_000315,CUST_00153,2154.81,card,20,0,1,False,False,False,0,1293,27,0,3,0
TXN_000600,CUST_00119,531.5,upi,21,0,2,False,False,False,0,64,1,0,1,0
TXN_000387,CUST_00128,7905.29,netbanking,3,0,1,False,False,False,0,17,0,0,2,0
TXN_000273,CUST_00055,1508.18,card,11,1,2,False,False,False,0,214,4,0,4,0
TXN_000166,CUST_00195,1641.59,card,0,0,1,False,False,False,0,1320,32,0,3,0
TXN_000840,CUST_00219,1398.42,card,10,1,1,False,False,False,0,329,8,0,2,0
TXN_000892,CUST_00009,1502.24,upi,3,1,5,True,False,False,0,397,7,0,2,0
TXN_000646,CUST_00208,1321.73,netbanking,18,0,0,False,False,False,0,386,8,0,3,0
TXN_000818,CUST_00065,1654.08,card,11,1,1,False,False,False,0,625,12,0,3,0
TXN_000484,CUST_00012,1915.84,upi,5,2,3,True,False,False,0,657,7,0,1,0
TXN_000880,CUST_00068,1275.74,upi,12,0,3,False,False,False,0,16,0,0,2,0
TXN_000504,CUST_00207,1008.29,card,1,0,2,False,False,False,0,260,7,0,4,0
TXN_000831,CUST_00020,3145.02,card,7,0,1,False,False,False,0,474,13,0,2,0
TXN_000243,CUST_00186,755.49,wallet,2,0,0,False,False,False,1,533,5,0,1,0
TXN_000566,CUST_00055,1378.11,card,18,0,1,False,False,False,0,214,4,0,4,0
TXN_000562,CUST_00073,954.77,upi,15,2,3,False,False,False,0,126,6,0,4,1
TXN_000686,CUST_00150,1758.66,card,11,1,2,False,False,False,0,603,16,0,2,0
TXN_000189,CUST_00006,2336.26,upi,3,1,2,False,False,False,0,535,13,0,4,0
TXN_000782,CUST_00055,1172.84,card,0,1,2,False,True,False,0,214,4,0,4,0
TXN_000699,CUST_00075,4133.46,card,15,0,0,False,False,False,0,351,3,0,3,0
TXN_000475,CUST_00074,2459.44,upi,14,0,2,False,False,False,0,18,0,0,3,0
TXN_000681,CUST_00222,5529.16,upi,10,1,2,True,False,False,0,397,9,0,2,0
TXN_000510,CUST_00023,4902.14,card,1,0,0,False,False,False,0,466,14,0,4,0
TXN_000058,CUST_00219,1118.02,netbanking,4,0,0,False,False,False,0,329,8,0,2,0
TXN_000474,CUST_00095,1998.63,card,7,0,1,False,False,False,0,201,7,0,3,0
TXN_000560,CUST_00080,5567.8,netbanking,15,0,1,False,False,False,0,499,15,0,1,0
TXN_000856,CUST_00205,601.64,card,4,0,1,False,False,False,0,785,13,0,1,0
TXN_000747,CUST_00024,1364.17,upi,9,0,4,False,False,False,0,249,5,0,4,0
TXN_000252,CUST_00069,1485.5,card,19,1,2,False,False,False,0,363,5,1,2,0
TXN_000021,CUST_00089,676.51,wallet,12,0,1,False,False,False,1,355,5,0,1,0
TXN_000313,CUST_00151,10235.68,upi,0,1,2,True,True,True,3,953,20,0,4,1
TXN_000459,CUST_00072,1403.21,card,0,2,5,False,False,False,1,770,11,2,3,0
TXN_000160,CUST_00168,873.68,netbanking,18,0,1,False,False,False,0,290,9,0,1,0
TXN_000276,CUST_00155,5547.91,upi,3,0,1,False,False,False,1,1058,18,0,3,0
TXN_000191,CUST_00215,675.01,upi,4,0,0,False,False,False,0,126,4,0,1,0
TXN_000385,CUST_00007,5258.58,upi,0,0,0,False,False,False,0,1187,24,0,1,0
TXN_000805,CUST_00222,3509.32,upi,7,4,11,True,True,False,2,397,9,0,2,1
TXN_000413,CUST_00191,2386.79,upi,1,0,0,False,False,False,1,398,13,0,3,0
TXN_000491,CUST_00004,603.94,upi,8,2,3,False,False,True,1,32,0,0,3,0
TXN_000343,CUST_00139,848.33,card,15,1,2,False,False,False,0,92,2,0,4,0
TXN_000769,CUST_00077,3619.47,upi,13,0,1,True,False,False,0,312,5,0,4,0
TXN_000308,CUST_00208,2551.06,card,2,0,0,False,False,False,0,386,8,0,3,0
TXN_000661,CUST_00165,1109.64,upi,8,0,2,False,True,False,0,284,6,0,2,0
TXN_000130,CUST_00108,5838.35,card,19,0,1,False,False,False,0,83,0,0,1,0
TXN_000663,CUST_00048,2588.34,wallet,5,0,0,False,False,False,0,121,5,0,4,0
TXN_000871,CUST_00040,468.68,card,6,0,1,False,False,False,0,506,12,0,4,0
TXN_000099,CUST_00178,858.33,netbanking,23,0,3,False,False,False,0,361,9,0,2,0
TXN_000372,CUST_00095,10895.06,card,11,0,2,False,False,False,0,201,7,0,3,0
TXN_000087,CUST_00205,2385.35,card,0,0,0,False,False,False,0,785,13,0,1,0
TXN_000458,CUST_00008,2782.42,card,5,3,4,False,False,False,0,30,2,0,2,0
TXN_000330,CUST_00173,690.66,card,10,0,0,False,False,False,0,508,18,0,3,0
TXN_000214,CUST_00218,1773.18,upi,13,0,3,False,False,False,0,246,5,0,1,0
TXN_000466,CUST_00129,1178.98,card,2,0,1,False,False,False,0,1037,19,0,4,0
TXN_000121,CUST_00196,1895.14,card,0,1,3,False,False,False,0,153,2,0,3,1
TXN_000614,CUST_00052,843.71,upi,0,0,2,True,False,False,0,63,1,0,3,0
TXN_000020,CUST_00142,1103.66,card,22,0,0,False,False,False,0,613,9,0,4,0
TXN_000700,CUST_00005,2520.23,upi,23,1,1,False,False,False,0,552,9,0,1,0
TXN_000071,CUST_00064,591.2,upi,14,0,0,False,False,False,1,800,14,0,1,0
TXN_000106,CUST_00035,2909.63,netbanking,17,0,1,False,False,True,0,243,3,0,4,1
TXN_000270,CUST_00094,2291.02,card,19,0,2,False,False,False,0,76,2,0,2,0
TXN_000860,CUST_00159,2526.17,netbanking,19,0,1,False,False,False,0,48,0,0,4,0
TXN_000435,CUST_00193,1054.19,card,17,0,0,False,False,False,0,43,0,0,3,0
TXN_000102,CUST_00001,4814.31,card,2,0,1,False,False,False,0,887,13,0,1,0
